source,target
user_1,user_75
user_1,user_124
user_1,user_30
user_1,user_129
user_1,user_143
user_1,user_58
user_2,user_116
user_2,user_139
user_2,user_25
user_2,user_137
user_2,user_59
user_2,user_110
user_2,user_43
user_2,user_7
user_2,user_137
user_3,user_50
user_3,user_12
user_3,user_136
user_3,user_30
user_4,user_21
user_4,user_139
user_4,user_68
user_4,user_25
user_5,user_144
user_5,user_8
user_5,user_123
user_6,user_18
user_6,user_115
user_7,user_108
user_7,user_86
user_8,user_122
user_8,user_26
user_8,user_85
user_8,user_42
user_8,user_37
user_9,user_135
user_9,user_54
user_9,user_2
user_9,user_139
user_9,user_123
user_9,user_73
user_10,user_3
user_10,user_4
user_10,user_54
user_11,user_59
user_11,user_4
user_11,user_70
user_11,user_147
user_11,user_24
user_11,user_122
user_11,user_46
user_11,user_18
user_12,user_75
user_12,user_66
user_12,user_76
user_12,user_105
user_12,user_21
user_13,user_110
user_14,user_70
user_14,user_93
user_15,user_31
user_15,user_37
user_15,user_106
user_15,user_102
user_15,user_21
user_16,user_62
user_16,user_29
user_16,user_37
user_16,user_97
user_16,user_110
user_16,user_142
user_16,user_40
user_17,user_71
user_17,user_37
user_18,user_135
user_18,user_131
user_18,user_55
user_18,user_88
user_18,user_45
user_19,user_121
user_19,user_143
user_19,user_80
user_19,user_145
user_19,user_60
user_19,user_1
user_20,user_84
user_20,user_116
user_20,user_98
user_20,user_92
user_20,user_10
user_20,user_124
user_21,user_11
user_21,user_138
user_21,user_75
user_21,user_101
user_21,user_73
user_21,user_46
user_21,user_81
user_21,user_60
user_21,user_12
user_21,user_92
user_22,user_134
user_22,user_16
user_23,user_13
user_23,user_95
user_23,user_43
user_23,user_38
user_24,user_127
user_24,user_123
user_24,user_101
user_25,user_125
user_25,user_116
user_26,user_99
user_26,user_8
user_26,user_102
user_26,user_17
user_26,user_42
user_26,user_78
user_26,user_73
user_26,user_124
user_26,user_66
user_27,user_148
user_27,user_128
user_28,user_84
user_28,user_119
user_28,user_54
user_28,user_139
user_28,user_13
user_28,user_60
user_29,user_63
user_29,user_40
user_29,user_128
user_29,user_87
user_29,user_90
user_29,user_5
user_29,user_32
user_29,user_80
user_30,user_105
user_30,user_27
user_30,user_62
user_30,user_109
user_30,user_129
user_30,user_91
user_31,user_34
user_32,user_55
user_32,user_131
user_32,user_22
user_32,user_59
user_32,user_116
user_32,user_89
user_33,user_85
user_33,user_37
user_33,user_77
user_33,user_73
user_33,user_57
user_33,user_148
user_33,user_5
user_33,user_126
user_33,user_80
user_34,user_58
user_34,user_116
user_34,user_77
user_34,user_100
user_34,user_106
user_34,user_49
user_34,user_76
user_34,user_47
user_35,user_148
user_35,user_126
user_35,user_110
user_35,user_18
user_36,user_13
user_36,user_4
user_36,user_93
user_36,user_110
user_36,user_35
user_36,user_48
user_36,user_57
user_37,user_48
user_37,user_60
user_37,user_62
user_37,user_124
user_37,user_104
user_37,user_35
user_38,user_17
user_38,user_138
user_38,user_30
user_38,user_104
user_38,user_7
user_39,user_21
user_39,user_101
user_39,user_62
user_39,user_129
user_40,user_140
user_40,user_102
user_40,user_57
user_41,user_83
user_41,user_10
user_41,user_95
user_41,user_10
user_41,user_14
user_41,user_129
user_41,user_43
user_42,user_53
user_43,user_33
user_43,user_8
user_43,user_113
user_44,user_88
user_44,user_10
user_45,user_26
user_45,user_4
user_45,user_18
user_45,user_30
user_46,user_42
user_46,user_9
user_46,user_148
user_46,user_106
user_46,user_97
user_46,user_112
user_46,user_101
user_46,user_147
user_46,user_112
user_46,user_79
user_47,user_99
user_47,user_139
user_48,user_83
user_48,user_120
user_48,user_67
user_48,user_147
user_48,user_95
user_48,user_70
user_48,user_93
user_48,user_45
user_49,user_81
user_49,user_113
user_50,user_33
user_50,user_111
user_50,user_58
user_50,user_89
user_50,user_118
user_51,user_122
user_51,user_18
user_51,user_90
user_51,user_36
user_51,user_24
user_51,user_33
user_51,user_56
user_52,user_114
user_52,user_148
user_52,user_50
user_52,user_141
user_53,user_50
user_53,user_27
user_53,user_107
user_53,user_19
user_53,user_26
user_53,user_83
user_54,user_98
user_54,user_93
user_54,user_69
user_54,user_99
user_54,user_101
user_55,user_43
user_55,user_97
user_55,user_60
user_55,user_9
user_55,user_101
user_55,user_142
user_56,user_131
user_56,user_89
user_56,user_35
user_56,user_79
user_56,user_71
user_56,user_34
user_56,user_114
user_56,user_74
user_56,user_112
user_57,user_27
user_57,user_11
user_57,user_80
user_57,user_56
user_57,user_84
user_57,user_6
user_58,user_68
user_58,user_137
user_58,user_91
user_58,user_123
user_59,user_129
user_59,user_22
user_59,user_4
user_59,user_145
user_59,user_99
user_59,user_7
user_59,user_109
user_59,user_48
user_59,user_68
user_60,user_9
user_60,user_85
user_61,user_74
user_61,user_48
user_61,user_107
user_61,user_114
user_61,user_103
user_61,user_50
user_61,user_85
user_62,user_107
user_62,user_20
user_62,user_125
user_62,user_115
user_62,user_77
user_62,user_16
user_62,user_85
user_62,user_42
user_62,user_56
user_63,user_122
user_64,user_10
user_64,user_125
user_64,user_8
user_64,user_111
user_64,user_63
user_64,user_90
user_65,user_88
user_65,user_86
user_65,user_39
user_65,user_76
user_65,user_10
user_65,user_29
user_65,user_29
user_65,user_79
user_65,user_101
user_66,user_126
user_67,user_19
user_68,user_2
user_68,user_10
user_68,user_117
user_68,user_130
user_68,user_124
user_68,user_22
user_68,user_16
user_68,user_122
user_68,user_27
user_68,user_70
user_69,user_77
user_69,user_106
user_70,user_85
user_71,user_138
user_71,user_81
user_71,user_83
user_71,user_62
user_71,user_61
user_71,user_85
user_71,user_5
user_71,user_130
user_72,user_28
user_72,user_26
user_72,user_86
user_72,user_80
user_72,user_27
user_72,user_21
user_72,user_142
user_72,user_31
user_72,user_79
user_72,user_131
user_73,user_48
user_73,user_60
user_73,user_64
user_73,user_31
user_73,user_111
user_73,user_108
user_73,user_137
user_73,user_133
user_73,user_127
user_74,user_127
user_74,user_25
user_74,user_16
user_74,user_2
user_74,user_120
user_74,user_120
user_75,user_120
user_75,user_9
user_75,user_98
user_75,user_145
user_75,user_21
user_75,user_102
user_76,user_25
user_76,user_131
user_76,user_115
user_76,user_129
user_77,user_116
user_77,user_130
user_77,user_47
user_77,user_53
user_77,user_33
user_77,user_86
user_77,user_79
user_77,user_95
user_77,user_15
user_77,user_132
user_78,user_143
user_79,user_128
user_79,user_29
user_79,user_73
user_79,user_67
user_80,user_135
user_80,user_35
user_80,user_57
user_80,user_33
user_80,user_127
user_81,user_90
user_81,user_29
user_82,user_58
user_82,user_144
user_82,user_94
user_83,user_97
user_84,user_65
user_85,user_59
user_85,user_119
user_85,user_149
user_86,user_64
user_86,user_50
user_86,user_39
user_86,user_30
user_86,user_88
user_86,user_57
user_86,user_140
user_86,user_52
user_86,user_113
user_86,user_74
user_87,user_111
user_87,user_84
user_87,user_32
user_87,user_100
user_87,user_16
user_87,user_75
user_87,user_73
user_88,user_36
user_89,user_53
user_89,user_69
user_89,user_111
user_89,user_40
user_89,user_31
user_89,user_87
user_89,user_54
user_89,user_62
user_89,user_72
user_89,user_139
user_90,user_49
user_91,user_54
user_91,user_119
user_91,user_71
user_91,user_142
user_91,user_140
user_92,user_148
user_92,user_24
user_92,user_133
user_92,user_104
user_92,user_112
user_92,user_117
user_92,user_33
user_92,user_139
user_93,user_65
user_93,user_58
user_93,user_20
user_93,user_80
user_93,user_83
user_93,user_67
user_93,user_108
user_94,user_117
user_94,user_18
user_94,user_118
user_94,user_7
user_94,user_74
user_94,user_100
user_94,user_55
user_94,user_142
user_94,user_140
user_95,user_51
user_96,user_45
user_96,user_99
user_96,user_40
user_96,user_147
user_96,user_8
user_96,user_112
user_96,user_106
user_96,user_47
user_96,user_90
user_96,user_131
user_97,user_56
user_97,user_129
user_97,user_56
user_98,user_93
user_98,user_5
user_98,user_81
user_98,user_97
user_98,user_106
user_98,user_110
user_98,user_56
user_98,user_103
user_99,user_149
user_99,user_136
user_99,user_10
user_99,user_102
user_99,user_21
user_99,user_76
user_99,user_61
user_99,user_17
user_99,user_54
user_99,user_69
user_100,user_122
user_100,user_69
user_100,user_72
user_100,user_122
user_100,user_135
user_100,user_23
user_100,user_84
user_100,user_65
user_101,user_103
user_102,user_77
user_102,user_37
user_102,user_37
user_102,user_108
user_102,user_55
user_102,user_149
user_102,user_48
user_102,user_118
user_103,user_68
user_103,user_60
user_103,user_144
user_103,user_9
user_103,user_3
user_103,user_113
user_103,user_42
user_103,user_132
user_103,user_124
user_104,user_145
user_104,user_8
user_104,user_40
user_105,user_113
user_105,user_95
user_105,user_29
user_105,user_56
user_105,user_74
user_105,user_27
user_105,user_138
user_105,user_9
user_106,user_38
user_106,user_131
user_106,user_113
user_106,user_77
user_106,user_76
user_106,user_124
user_106,user_50
user_107,user_79
user_107,user_52
user_107,user_147
user_107,user_108
user_107,user_36
user_107,user_100
user_108,user_118
user_108,user_149
user_109,user_135
user_109,user_22
user_109,user_96
user_110,user_89
user_110,user_116
user_110,user_3
user_110,user_10
user_110,user_125
user_110,user_89
user_110,user_38
user_111,user_23
user_111,user_120
user_111,user_75
user_111,user_43
user_111,user_22
user_111,user_18
user_111,user_142
user_112,user_2
user_112,user_138
user_113,user_76
user_113,user_45
user_113,user_17
user_114,user_34
user_115,user_127
user_115,user_77
user_115,user_106
user_115,user_11
user_115,user_88
user_115,user_14
user_115,user_110
user_115,user_97
user_115,user_39
user_115,user_100
user_116,user_148
user_116,user_108
user_116,user_28
user_116,user_31
user_116,user_57
user_116,user_133
user_116,user_132
user_116,user_6
user_116,user_102
user_116,user_71
user_117,user_120
user_117,user_125
user_117,user_44
user_117,user_105
user_117,user_17
user_117,user_110
user_117,user_128
user_117,user_12
user_117,user_90
user_118,user_94
user_118,user_58
user_118,user_40
user_118,user_65
user_118,user_85
user_119,user_140
user_119,user_42
user_119,user_98
user_119,user_101
user_119,user_129
user_119,user_127
user_119,user_78
user_119,user_132
user_119,user_80
user_119,user_57
user_120,user_101
user_120,user_123
user_120,user_17
user_121,user_114
user_121,user_75
user_121,user_80
user_121,user_123
user_121,user_94
user_121,user_39
user_121,user_29
user_121,user_63
user_121,user_53
user_121,user_55
user_122,user_53
user_122,user_59
user_122,user_16
user_123,user_74
user_123,user_144
user_123,user_84
user_123,user_120
user_123,user_74
user_123,user_119
user_123,user_14
user_123,user_108
user_124,user_88
user_124,user_128
user_124,user_109
user_124,user_39
user_125,user_5
user_125,user_73
user_125,user_19
user_125,user_24
user_126,user_129
user_126,user_90
user_126,user_110
user_126,user_118
user_126,user_108
user_126,user_111
user_126,user_140
user_127,user_52
user_128,user_91
user_128,user_101
user_128,user_124
user_129,user_19
user_130,user_34
user_130,user_29
user_130,user_79
user_130,user_17
user_131,user_136
user_131,user_149
user_131,user_74
user_131,user_88
user_131,user_78
user_132,user_127
user_132,user_88
user_132,user_4
user_132,user_72
user_132,user_15
user_132,user_90
user_132,user_102
user_132,user_92
user_133,user_37
user_134,user_41
user_134,user_123
user_134,user_33
user_134,user_76
user_135,user_32
user_136,user_16
user_136,user_24
user_136,user_18
user_136,user_76
user_136,user_11
user_136,user_42
user_136,user_129
user_136,user_126
user_137,user_99
user_137,user_54
user_138,user_26
user_139,user_26
user_139,user_123
user_139,user_33
user_139,user_66
user_140,user_6
user_140,user_87
user_140,user_56
user_140,user_124
user_140,user_127
user_140,user_72
user_140,user_126
user_140,user_67
user_141,user_26
user_141,user_38
user_141,user_142
user_141,user_112
user_141,user_35
user_141,user_61
user_141,user_52
user_141,user_146
user_141,user_8
user_142,user_86
user_142,user_33
user_142,user_41
user_142,user_144
user_142,user_41
user_142,user_22
user_142,user_72
user_142,user_32
user_142,user_60
user_142,user_98
user_143,user_63
user_144,user_103
user_144,user_25
user_144,user_40
user_145,user_67
user_145,user_67
user_145,user_124
user_145,user_12
user_145,user_19
user_145,user_90
user_145,user_126
user_145,user_5
user_145,user_45
user_145,user_50
user_146,user_59
user_146,user_131
user_146,user_2
user_146,user_141
user_146,user_43
user_146,user_111
user_146,user_68
user_146,user_24
user_147,user_130
user_147,user_144
user_147,user_116
user_147,user_61
user_147,user_71
user_147,user_132
user_148,user_52
user_148,user_82
user_148,user_20
user_148,user_19
user_149,user_40
user_149,user_145
user_150,user_127
